{
    "markup_data": [
        0.010948905109489052,
        0.02052919708029197,
        0.040145985401459854,
        0.04425182481751825,
        0.06295620437956205,
        0.05930656934306569,
        0.05793795620437956,
        0.04927007299270073,
        0.04562043795620438,
        0.041970802919708027,
        0.03695255474452555,
        0.02645985401459854,
        0.0333029197080292,
        0.023266423357664233,
        0.01824817518248175
    ],
    "translag_data": [
        0.19125832927027467,
        0.09960588330895498,
        0.0847621756324828,
        0.07572187009047077,
        0.06558115282518012,
        0.0571977084349098,
        0.05035145457500406,
        0.04572295357278292,
        0.03993309496722466,
        0.035511132780757355,
        0.03254848583346877,
        0.030554201202665367,
        0.028766455387615797,
        0.0270565848637521,
        0.025505850804485617,
        0.024716940245950485,
        0.022245246221355437,
        0.018530933420011917,
        0.01888645105368655
    ]
}