{"median_markup":0.5623652609,"median_profit":0.1536786416,"mean_markup":0.08308372,"mean_profit":-1.403143199,"agg_markup":0.4743388825,"agg_profit":0.1996262793,"entry_rate_5year":0.5797151991,"entrant_stock_frac":0.151225084,"internal_cite_frac":0.2128015112,"ind_ptrans_mean":0.2693584697,"ind_ptrans_std":0.1117131925,"ptrans_3year":0.3478988183,"trans_younger_prob":0.3283003226,"trans_smaller_prob":0.3495768158,"trans_young_frac":0.332740878,"trans_small_frac":0.2208982268,"stock_young_frac":0.2109576597,"stock_small_frac":0.1204438636,"stock_lgrowth_mean":0.0871576624,"stock_lgrowth_young":0.1008008023,"stock_lgrowth_small":0.0906799965,"employ_lgrowth_mean":0.0401861975,"employ_lgrowth_young":0.0621617224,"employ_lgrowth_small":0.0585911879,"rnd_intensity_mean":0.1010075364,"rnd_intensity_young":0.1295100364,"rnd_intensity_small":0.1210120764,"file_stock_mean":0.0927861962,"file_stock_young":0.1022584667,"file_stock_small":0.0958378021}